{
  "pr_auc": 0.815211571613939,
  "roc_auc": 0.9805211934239088,
  "best_threshold_f1": 0.2908541169145505,
  "confusion_matrix": [
    [
      56848,
      16
    ],
    [
      20,
      78
    ]
  ],
  "classification_report": {
    "0": {
      "precision": 0.9996483083632272,
      "recall": 0.9997186268992684,
      "f1-score": 0.9996834663946822,
      "support": 56864.0
    },
    "1": {
      "precision": 0.8297872340425532,
      "recall": 0.7959183673469388,
      "f1-score": 0.8125,
      "support": 98.0
    },
    "accuracy": 0.9993679997191109,
    "macro avg": {
      "precision": 0.9147177712028902,
      "recall": 0.8978184971231036,
      "f1-score": 0.906091733197341,
      "support": 56962.0
    },
    "weighted avg": {
      "precision": 0.9993560716917018,
      "recall": 0.9993679997191109,
      "f1-score": 0.9993614274967033,
      "support": 56962.0
    }
  }
}